"GEO_ID","NAME","B05010_001E","B05010_001M","B05010_002E","B05010_002M","B05010_003E","B05010_003M","B05010_004E","B05010_004M","B05010_005E","B05010_005M","B05010_006E","B05010_006M","B05010_007E","B05010_007M","B05010_008E","B05010_008M","B05010_009E","B05010_009M","B05010_010E","B05010_010M","B05010_011E","B05010_011M","B05010_012E","B05010_012M","B05010_013E","B05010_013M","B05010_014E","B05010_014M","B05010_015E","B05010_015M","B05010_016E","B05010_016M","B05010_017E","B05010_017M","B05010_018E","B05010_018M","B05010_019E","B05010_019M","B05010_020E","B05010_020M","B05010_021E","B05010_021M","B05010_022E","B05010_022M","B05010_023E","B05010_023M","B05010_024E","B05010_024M","B05010_025E","B05010_025M",
"Geography","Geographic Area Name","Estimate!!Total:","Margin of Error!!Total:","Estimate!!Total:!!Under 1.00:","Margin of Error!!Total:!!Under 1.00:","Estimate!!Total:!!Under 1.00:!!Living with two parents:","Margin of Error!!Total:!!Under 1.00:!!Living with two parents:","Estimate!!Total:!!Under 1.00:!!Living with two parents:!!Both parents native","Margin of Error!!Total:!!Under 1.00:!!Living with two parents:!!Both parents native","Estimate!!Total:!!Under 1.00:!!Living with two parents:!!Both parents foreign-born","Margin of Error!!Total:!!Under 1.00:!!Living with two parents:!!Both parents foreign-born","Estimate!!Total:!!Under 1.00:!!Living with two parents:!!One native and one foreign-born parent","Margin of Error!!Total:!!Under 1.00:!!Living with two parents:!!One native and one foreign-born parent","Estimate!!Total:!!Under 1.00:!!Living with one parent:","Margin of Error!!Total:!!Under 1.00:!!Living with one parent:","Estimate!!Total:!!Under 1.00:!!Living with one parent:!!Native parent","Margin of Error!!Total:!!Under 1.00:!!Living with one parent:!!Native parent","Estimate!!Total:!!Under 1.00:!!Living with one parent:!!Foreign-born parent","Margin of Error!!Total:!!Under 1.00:!!Living with one parent:!!Foreign-born parent","Estimate!!Total:!!1.00 to 1.99:","Margin of Error!!Total:!!1.00 to 1.99:","Estimate!!Total:!!1.00 to 1.99:!!Living with two parents:","Margin of Error!!Total:!!1.00 to 1.99:!!Living with two parents:","Estimate!!Total:!!1.00 to 1.99:!!Living with two parents:!!Both parents native","Margin of Error!!Total:!!1.00 to 1.99:!!Living with two parents:!!Both parents native","Estimate!!Total:!!1.00 to 1.99:!!Living with two parents:!!Both parents foreign-born","Margin of Error!!Total:!!1.00 to 1.99:!!Living with two parents:!!Both parents foreign-born","Estimate!!Total:!!1.00 to 1.99:!!Living with two parents:!!One native and one foreign-born parent","Margin of Error!!Total:!!1.00 to 1.99:!!Living with two parents:!!One native and one foreign-born parent","Estimate!!Total:!!1.00 to 1.99:!!Living with one parent:","Margin of Error!!Total:!!1.00 to 1.99:!!Living with one parent:","Estimate!!Total:!!1.00 to 1.99:!!Living with one parent:!!Native parent","Margin of Error!!Total:!!1.00 to 1.99:!!Living with one parent:!!Native parent","Estimate!!Total:!!1.00 to 1.99:!!Living with one parent:!!Foreign-born parent","Margin of Error!!Total:!!1.00 to 1.99:!!Living with one parent:!!Foreign-born parent","Estimate!!Total:!!2.00 and over:","Margin of Error!!Total:!!2.00 and over:","Estimate!!Total:!!2.00 and over:!!Living with two parents:","Margin of Error!!Total:!!2.00 and over:!!Living with two parents:","Estimate!!Total:!!2.00 and over:!!Living with two parents:!!Both parents native","Margin of Error!!Total:!!2.00 and over:!!Living with two parents:!!Both parents native","Estimate!!Total:!!2.00 and over:!!Living with two parents:!!Both parents foreign-born","Margin of Error!!Total:!!2.00 and over:!!Living with two parents:!!Both parents foreign-born","Estimate!!Total:!!2.00 and over:!!Living with two parents:!!One native and one foreign-born parent","Margin of Error!!Total:!!2.00 and over:!!Living with two parents:!!One native and one foreign-born parent","Estimate!!Total:!!2.00 and over:!!Living with one parent:","Margin of Error!!Total:!!2.00 and over:!!Living with one parent:","Estimate!!Total:!!2.00 and over:!!Living with one parent:!!Native parent","Margin of Error!!Total:!!2.00 and over:!!Living with one parent:!!Native parent","Estimate!!Total:!!2.00 and over:!!Living with one parent:!!Foreign-born parent","Margin of Error!!Total:!!2.00 and over:!!Living with one parent:!!Foreign-born parent",
"0400000US25","Massachusetts","1310294","2651","147496","4848","35060","2814","11621","1282","19533","2166","3906","851","112436","4980","78828","3895","33608","2986","168899","4710","71727","3287","27619","2164","35911","2066","8197","1129","97172","4025","63924","3233","33248","2230","993899","6256","784982","7124","537241","7106","151685","3279","96056","3408","208917","4106","163816","3998","45101","2082",
"1600000US2500135","Abington CDP, Massachusetts","3701","358","262","289","0","21","0","21","0","21","0","21","262","289","216","275","46","60","504","279","224","223","224","223","0","21","0","21","280","184","216","190","64","91","2935","341","2512","369","1769","412","352","262","391","273","423","246","405","242","18","32",
"1600000US2500530","Acushnet Center CDP, Massachusetts","409","181","92","109","16","30","16","30","0","14","0","14","76","105","76","105","0","14","63","57","31","37","31","37","0","14","0","14","32","39","32","39","0","14","254","129","205","118","112","69","10","17","83","98","49","41","49","41","0","14",
"1600000US2500590","Adams CDP, Massachusetts","757","207","136","110","0","19","0","19","0","19","0","19","136","110","85","78","51","72","107","114","0","19","0","19","0","19","0","19","107","114","107","114","0","19","514","216","294","164","294","164","0","19","0","19","220","150","220","150","0","19",
"1600000US2500840","Agawam Town city, Massachusetts","4732","384","159","111","41","60","27","49","14","36","0","25","118","96","118","96","0","25","890","314","481","279","392","262","89","114","0","25","409","191","347","206","62","74","3683","410","2997","442","2397","386","432","242","168","123","686","257","642","251","44","67",
"1600000US2501185","Amesbury city, Massachusetts","3382","262","251","180","0","21","0","21","0","21","0","21","251","180","119","104","132","146","451","213","225","160","68","100","135","127","22","33","226","162","205","160","21","32","2680","269","2140","309","1883","298","90","125","167","138","540","217","424","196","116","119",
"1600000US2501370","Amherst Town city, Massachusetts","2692","290","469","208","38","58","38","58","0","29","0","29","431","186","382","190","49","81","132","105","72","78","47","68","25","38","0","29","60","69","60","69","0","29","2091","324","1804","340","953","325","295","128","556","330","287","167","146","110","141","132",
"1600000US2501430","Andover CDP, Massachusetts","1524","322","84","87","16","24","0","19","16","24","0","19","68","81","68","81","0","19","62","55","40","48","33","41","7","23","0","19","22","25","10","16","12","19","1378","302","1152","289","962","281","77","55","113","82","226","141","160","110","66","94",
"1600000US2501640","Arlington CDP, Massachusetts","9280","541","179","133","112","101","112","101","0","29","0","29","67","87","0","29","67","87","280","165","154","121","0","29","154","121","0","29","126","108","84","96","42","49","8821","503","7995","520","5164","600","1494","345","1337","320","826","245","722","243","104","71",
"1600000US2502515","Athol CDP, Massachusetts","2103","483","617","298","259","223","135","165","124","147","0","19","358","216","358","216","0","19","215","134","127","93","127","93","0","19","0","19","88","93","88","93","0","19","1271","441","927","414","897","413","0","19","30","46","344","188","344","188","0","19",
"1600000US2502690","Attleboro city, Massachusetts","9950","764","1089","610","92","86","66","74","0","29","26","41","997","600","997","600","0","29","1275","451","774","367","375","273","327","229","72","82","501","318","322","213","179","250","7586","824","5307","725","4207","711","627","295","473","346","2279","679","1905","618","374","260",
"1600000US2503040","Ayer CDP, Massachusetts","480","142","40","50","0","14","0","14","0","14","0","14","40","50","40","50","0","14","0","14","0","14","0","14","0","14","0","14","0","14","0","14","0","14","440","140","304","147","153","127","106","82","45","53","136","113","111","112","25","43",
"1600000US2503355","Baldwinville CDP, Massachusetts","829","546","125","194","0","14","0","14","0","14","0","14","125","194","125","194","0","14","421","585","0","14","0","14","0","14","0","14","421","585","421","585","0","14","283","190","235","185","230","185","0","14","5","14","48","43","48","43","0","14",
"1600000US2503690","Barnstable Town city, Massachusetts","8244","719","1027","492","300","185","153","143","73","116","74","79","727","440","284","163","443","408","1112","300","695","284","177","186","384","202","134","104","417","186","112","99","305","161","6105","721","4903","717","3087","714","765","394","1051","567","1202","380","832","290","370","230",
"1600000US2503705","Barre CDP, Massachusetts","0","14","0","14","0","14","0","14","0","14","0","14","0","14","0","14","0","14","0","14","0","14","0","14","0","14","0","14","0","14","0","14","0","14","0","14","0","14","0","14","0","14","0","14","0","14","0","14","0","14",
"1600000US2504790","Belchertown CDP, Massachusetts","429","185","79","74","0","14","0","14","0","14","0","14","79","74","79","74","0","14","90","103","58","96","58","96","0","14","0","14","32","50","32","50","0","14","260","163","225","157","203","153","0","14","22","34","35","41","35","41","0","14",
"1600000US2504965","Bellingham CDP, Massachusetts","948","250","0","19","0","19","0","19","0","19","0","19","0","19","0","19","0","19","301","226","128","97","128","97","0","19","0","19","173","204","173","204","0","19","647","172","476","147","313","138","80","75","83","75","171","101","171","101","0","19",
"1600000US2505105","Belmont CDP, Massachusetts","6508","406","162","83","7","12","0","25","0","25","7","12","155","82","73","61","82","54","229","119","189","116","41","58","135","105","13","20","40","36","4","7","36","37","6117","437","5484","440","2935","426","1689","257","860","214","633","172","395","141","238","107",
"1600000US2505595","Beverly city, Massachusetts","7564","703","1051","652","92","77","48","55","44","59","0","29","959","665","688","625","271","296","948","234","291","159","157","116","116","106","18","28","657","197","542","150","115","126","5565","538","4516","534","3705","441","379","238","432","193","1049","309","944","299","105","80",
"1600000US2506050","Blandford CDP, Massachusetts","64","27","0","14","0","14","0","14","0","14","0","14","0","14","0","14","0","14","0","14","0","14","0","14","0","14","0","14","0","14","0","14","0","14","64","27","53","25","53","25","0","14","0","14","11","11","11","11","0","14",
"1600000US2506170","Bliss Corner CDP, Massachusetts","559","193","21","35","0","19","0","19","0","19","0","19","21","35","21","35","0","19","93","118","66","108","66","108","0","19","0","19","27","44","27","44","0","19","445","170","330","168","243","161","0","19","87","107","115","83","115","83","0","19",
"1600000US2507000","Boston city, Massachusetts","95511","1457","19397","1840","3407","702","264","168","2762","664","381","196","15990","1858","8188","1058","7802","1533","17639","1394","6218","937","906","421","4648","916","664","302","11421","1102","5893","839","5528","863","58475","2084","41631","1931","22569","1521","11623","1371","7439","990","16844","1654","11118","1288","5726","980",
"1600000US2507140","Bourne CDP, Massachusetts","71","121","0","14","0","14","0","14","0","14","0","14","0","14","0","14","0","14","71","121","0","14","0","14","0","14","0","14","71","121","71","121","0","14","0","14","0","14","0","14","0","14","0","14","0","14","0","14","0","14",
"1600000US2507385","Boxford CDP, Massachusetts","643","310","24","42","24","42","24","42","0","14","0","14","0","14","0","14","0","14","0","14","0","14","0","14","0","14","0","14","0","14","0","14","0","14","619","310","575","313","438","287","105","160","32","47","44","50","44","50","0","14",
"1600000US2507740","Braintree Town city, Massachusetts","7815","488","337","153","183","124","77","79","42","69","64","74","154","93","110","70","44","64","656","219","365","127","75","66","242","123","48","42","291","178","225","167","66","84","6822","522","5566","459","3173","547","1534","332","859","242","1256","348","874","338","382","178",
"1600000US2507945","Brewster CDP, Massachusetts","278","156","0","14","0","14","0","14","0","14","0","14","0","14","0","14","0","14","0","14","0","14","0","14","0","14","0","14","0","14","0","14","0","14","278","156","254","156","220","139","0","14","34","58","24","41","24","41","0","14",
"1600000US2508130","Bridgewater Town city, Massachusetts","4959","383","166","152","12","20","12","20","0","25","0","25","154","150","34","68","120","138","811","353","470","310","385","300","63","95","22","36","341","178","296","174","45","72","3982","506","3253","420","2556","386","563","274","134","125","729","266","683","270","46","42",
"1600000US2509000","Brockton city, Massachusetts","25109","1030","3703","802","738","354","112","154","572","302","54","66","2965","723","1951","538","1014","444","5304","858","2009","637","848","515","786","338","375","214","3295","643","1404","426","1891","491","16102","1192","10073","958","3578","620","4497","839","1998","554","6029","928","2873","637","3156","692",
"1600000US2509070","Brookfield CDP, Massachusetts","176","116","0","14","0","14","0","14","0","14","0","14","0","14","0","14","0","14","0","14","0","14","0","14","0","14","0","14","0","14","0","14","0","14","176","116","132","124","132","124","0","14","0","14","44","53","44","53","0","14",
"1600000US2509210","Brookline CDP, Massachusetts","11613","766","465","200","170","129","21","34","149","122","0","32","295","128","133","80","162","102","490","299","310","241","92","116","190","202","28","48","180","167","140","162","40","37","10658","745","9350","734","5070","672","2873","562","1407","353","1308","362","937","320","371","240",
"1600000US2509875","Burlington CDP, Massachusetts","4430","406","284","249","12","22","0","25","12","22","0","25","272","245","41","48","231","247","443","283","425","281","110","123","141","214","174","150","18","25","0","25","18","25","3703","480","3263","494","2061","381","655","218","547","362","440","185","380","173","60","77",
"1600000US2510015","Buzzards Bay CDP, Massachusetts","172","82","0","14","0","14","0","14","0","14","0","14","0","14","0","14","0","14","23","25","14","19","14","19","0","14","0","14","9","16","9","16","0","14","149","81","95","60","80","58","15","24","0","14","54","55","54","55","0","14",
"1600000US2511000","Cambridge city, Massachusetts","14021","905","2079","603","1005","402","8","12","910","395","87","67","1074","415","531","277","543","306","1039","323","485","207","130","132","281","160","74","70","554","259","351","240","203","111","10903","795","9309","835","4292","580","2974","549","2043","303","1594","329","1044","264","550","259",
"1600000US2511945","Cedar Crest CDP, Massachusetts","423","193","0","14","0","14","0","14","0","14","0","14","0","14","0","14","0","14","0","14","0","14","0","14","0","14","0","14","0","14","0","14","0","14","423","193","391","187","391","187","0","14","0","14","32","41","32","41","0","14",
"1600000US2512960","Chatham CDP, Massachusetts","27","43","0","14","0","14","0","14","0","14","0","14","0","14","0","14","0","14","27","43","0","14","0","14","0","14","0","14","27","43","27","43","0","14","0","14","0","14","0","14","0","14","0","14","0","14","0","14","0","14",
"1600000US2513205","Chelsea city, Massachusetts","9055","736","2269","596","479","376","90","92","358","351","31","46","1790","545","420","254","1370","505","2666","755","1318","559","19","30","1299","554","0","29","1348","490","620","354","728","313","4120","815","2996","693","470","220","1827","475","699","401","1124","359","399","229","725","247",
"1600000US2513310","Cheshire CDP, Massachusetts","92","77","22","33","22","33","22","33","0","14","0","14","0","14","0","14","0","14","0","14","0","14","0","14","0","14","0","14","0","14","0","14","0","14","70","73","70","73","70","73","0","14","0","14","0","14","0","14","0","14",
"1600000US2513450","Chester CDP, Massachusetts","214","165","8","10","0","14","0","14","0","14","0","14","8","10","8","10","0","14","21","20","0","14","0","14","0","14","0","14","21","20","21","20","0","14","185","166","185","166","185","166","0","14","0","14","0","14","0","14","0","14",
"1600000US2513660","Chicopee city, Massachusetts","9821","659","2337","611","87","111","34","59","53","95","0","32","2250","609","2069","573","181","197","1737","470","551","381","356","246","170","244","25","39","1186","393","1175","395","11","17","5747","653","3490","585","2772","573","316","177","402","243","2257","526","1980","474","277","198",
"1600000US2514430","Clinton CDP, Massachusetts","999","183","101","109","45","53","19","36","0","19","26","41","56","79","56","79","0","19","228","130","135","111","118","114","17","28","0","19","93","72","80","70","13","21","670","169","494","123","371","133","6","21","117","78","176","108","143","103","33","29",
"1600000US2514570","Cochituate CDP, Massachusetts","1440","183","68","80","68","80","12","19","56","77","0","19","0","19","0","19","0","19","32","57","0","19","0","19","0","19","0","19","32","57","32","57","0","19","1340","183","1189","178","699","162","264","116","226","101","151","92","137","85","14","23",
"1600000US2515340","Cordaville CDP, Massachusetts","871","214","0","14","0","14","0","14","0","14","0","14","0","14","0","14","0","14","0","14","0","14","0","14","0","14","0","14","0","14","0","14","0","14","871","214","794","202","420","174","272","130","102","83","77","76","77","76","0","14",
"1600000US2516285","Danvers CDP, Massachusetts","4472","400","258","164","13","18","0","25","13","18","0","25","245","161","245","161","0","25","291","185","175","161","92","113","83","116","0","25","116","88","87","74","29","52","3923","379","3443","367","2906","404","283","137","254","183","480","195","432","179","48","80",
"1600000US2516530","Dedham CDP, Massachusetts","4597","365","163","181","0","25","0","25","0","25","0","25","163","181","163","181","0","25","527","261","73","65","33","55","40","39","0","25","454","267","381","266","73","83","3907","366","3274","395","2509","387","327","179","438","192","633","225","619","225","14","15",
"1600000US2516635","Deerfield CDP, Massachusetts","47","79","0","14","0","14","0","14","0","14","0","14","0","14","0","14","0","14","0","14","0","14","0","14","0","14","0","14","0","14","0","14","0","14","47","79","36","78","36","78","0","14","0","14","11","19","11","19","0","14",
"1600000US2516740","Dennis CDP, Massachusetts","433","209","33","46","0","14","0","14","0","14","0","14","33","46","0","14","33","46","0","14","0","14","0","14","0","14","0","14","0","14","0","14","0","14","400","211","400","211","101","82","199","199","100","94","0","14","0","14","0","14",
"1600000US2516810","Dennis Port CDP, Massachusetts","347","119","25","40","0","14","0","14","0","14","0","14","25","40","25","40","0","14","85","67","30","49","0","14","30","49","0","14","55","65","47","63","8","13","237","118","201","113","160","116","41","54","0","14","36","36","33","33","3","7",
"1600000US2516840","Devens CDP, Massachusetts","60","60","0","14","0","14","0","14","0","14","0","14","0","14","0","14","0","14","0","14","0","14","0","14","0","14","0","14","0","14","0","14","0","14","60","60","60","60","51","58","9","14","0","14","0","14","0","14","0","14",
"1600000US2517370","Dover CDP, Massachusetts","470","161","0","14","0","14","0","14","0","14","0","14","0","14","0","14","0","14","0","14","0","14","0","14","0","14","0","14","0","14","0","14","0","14","470","161","409","150","296","127","74","86","39","35","61","56","19","28","42","51",
"1600000US2517860","Duxbury CDP, Massachusetts","395","185","0","14","0","14","0","14","0","14","0","14","0","14","0","14","0","14","0","14","0","14","0","14","0","14","0","14","0","14","0","14","0","14","395","185","385","186","298","155","0","14","87","96","10","16","10","16","0","14",
"1600000US2518595","East Brookfield CDP, Massachusetts","171","63","8","14","8","14","8","14","0","14","0","14","0","14","0","14","0","14","5","7","0","14","0","14","0","14","0","14","5","7","5","7","0","14","158","63","112","49","105","48","0","14","7","12","46","29","46","29","0","14",
"1600000US2518840","East Dennis CDP, Massachusetts","162","155","21","31","0","14","0","14","0","14","0","14","21","31","21","31","0","14","0","14","0","14","0","14","0","14","0","14","0","14","0","14","0","14","141","155","141","155","136","156","5","14","0","14","0","14","0","14","0","14",
"1600000US2518875","East Douglas CDP, Massachusetts","590","297","48","75","0","14","0","14","0","14","0","14","48","75","48","75","0","14","0","14","0","14","0","14","0","14","0","14","0","14","0","14","0","14","542","292","232","120","232","120","0","14","0","14","310","280","310","280","0","14",
"1600000US2518980","East Falmouth CDP, Massachusetts","421","201","64","79","0","19","0","19","0","19","0","19","64","79","64","79","0","19","27","42","27","42","27","42","0","19","0","19","0","19","0","19","0","19","330","173","257","147","194","135","36","62","27","25","73","62","73","62","0","19",
"1600000US2519365","Easthampton city, Massachusetts","2235","245","33","58","0","21","0","21","0","21","0","21","33","58","33","58","0","21","366","190","150","115","48","62","102","100","0","21","216","141","188","129","28","43","1836","276","1195","274","1108","265","73","77","14","22","641","242","641","242","0","21",
"1600000US2519400","East Harwich CDP, Massachusetts","696","223","0","19","0","19","0","19","0","19","0","19","0","19","0","19","0","19","0","19","0","19","0","19","0","19","0","19","0","19","0","19","0","19","696","223","543","191","342","210","201","209","0","19","153","125","125","111","28","45",
"1600000US2520310","East Pepperell CDP, Massachusetts","326","127","58","86","0","14","0","14","0","14","0","14","58","86","58","86","0","14","17","29","0","14","0","14","0","14","0","14","17","29","17","29","0","14","251","124","231","119","231","119","0","14","0","14","20","31","20","31","0","14",
"1600000US2520380","East Sandwich CDP, Massachusetts","489","121","0","14","0","14","0","14","0","14","0","14","0","14","0","14","0","14","0","14","0","14","0","14","0","14","0","14","0","14","0","14","0","14","489","121","446","113","380","113","25","38","41","55","43","61","43","61","0","14",
"1600000US2521115","Edgartown CDP, Massachusetts","0","14","0","14","0","14","0","14","0","14","0","14","0","14","0","14","0","14","0","14","0","14","0","14","0","14","0","14","0","14","0","14","0","14","0","14","0","14","0","14","0","14","0","14","0","14","0","14","0","14",
"1600000US2521815","Essex CDP, Massachusetts","424","246","35","45","0","14","0","14","0","14","0","14","35","45","35","45","0","14","0","14","0","14","0","14","0","14","0","14","0","14","0","14","0","14","389","256","379","259","379","259","0","14","0","14","10","13","3","6","7","10",
"1600000US2521990","Everett city, Massachusetts","10318","951","2405","837","551","278","186","106","365","254","0","32","1854","756","720","541","1134","573","2634","757","1545","548","95","120","1362","536","88","75","1089","403","142","147","947","383","5279","743","3321","597","644","244","2185","478","492","191","1958","462","850","321","1108","389",
"1600000US2523000","Fall River city, Massachusetts","17606","943","4732","804","596","266","273","208","323","178","0","32","4136","794","2735","612","1401","571","4087","805","1401","534","671","455","524","236","206","170","2686","607","2262","551","424","228","8787","965","5011","641","2949","498","1344","408","718","267","3776","787","3205","763","571","304",
"1600000US2523070","Falmouth CDP, Massachusetts","469","255","182","186","182","186","0","14","182","186","0","14","0","14","0","14","0","14","13","23","13","23","13","23","0","14","0","14","0","14","0","14","0","14","274","176","215","170","106","149","102","91","7","14","59","56","59","56","0","14",
"1600000US2523840","Fiskdale CDP, Massachusetts","515","179","17","15","0","14","0","14","0","14","0","14","17","15","17","15","0","14","35","43","23","39","0","14","23","39","0","14","12","20","12","20","0","14","463","174","332","155","307","158","0","14","25","36","131","90","68","63","63","67",
"1600000US2523875","Fitchburg city, Massachusetts","8197","660","1462","402","334","229","272","209","62","98","0","29","1128","356","1118","359","10","20","1934","679","380","211","144","125","236","181","0","29","1554","673","1234","678","320","229","4801","607","2788","481","1873","432","541","256","374","178","2013","460","1630","444","383","188",
"1600000US2524190","Forestdale CDP, Massachusetts","797","223","0","14","0","14","0","14","0","14","0","14","0","14","0","14","0","14","32","52","0","14","0","14","0","14","0","14","32","52","32","52","0","14","765","230","683","227","683","227","0","14","0","14","82","80","82","80","0","14",
"1600000US2524855","Foxborough CDP, Massachusetts","1444","548","279","335","55","89","55","89","0","19","0","19","224","331","224","331","0","19","281","248","202","227","175","224","27","44","0","19","79","110","79","110","0","19","884","365","535","271","484","269","17","28","34","53","349","277","227","203","122","187",
"1600000US2524960","Framingham city, Massachusetts","15039","935","2315","742","688","496","24","35","199","193","465","494","1627","556","611","342","1016","491","2479","532","1128","452","10","16","986","417","132","172","1351","355","248","150","1103","348","10245","878","8506","825","4044","746","3230","761","1232","304","1739","497","1015","353","724","352",
"1600000US2525172","Franklin Town city, Massachusetts","6785","440","335","199","0","29","0","29","0","29","0","29","335","199","181","143","154","165","440","254","264","203","194","192","70","69","0","29","176","142","154","136","22","38","6010","490","5542","472","4430","407","864","335","248","176","468","194","446","185","22","24",
"1600000US2525485","Gardner city, Massachusetts","3484","334","695","313","8","14","8","14","0","25","0","25","687","312","687","312","0","25","593","253","355","213","199","186","71","73","85","93","238","130","238","130","0","25","2196","351","1574","340","1162","362","72","64","340","182","622","231","602","229","20","32",
"1600000US2526150","Gloucester city, Massachusetts","4369","449","538","278","164","199","0","29","27","42","137","194","374","197","348","194","26","38","632","240","242","128","108","94","113","102","21","34","390","220","229","159","161","147","3199","428","2636","364","2081","341","373","200","182","104","563","228","486","220","77","80",
"1600000US2526500","Granby CDP, Massachusetts","253","213","15","24","0","14","0","14","0","14","0","14","15","24","15","24","0","14","0","14","0","14","0","14","0","14","0","14","0","14","0","14","0","14","238","214","238","214","238","214","0","14","0","14","0","14","0","14","0","14",
"1600000US2526780","Great Barrington CDP, Massachusetts","364","158","63","80","0","14","0","14","0","14","0","14","63","80","0","14","63","80","20","33","20","33","20","33","0","14","0","14","0","14","0","14","0","14","281","169","260","175","260","175","0","14","0","14","21","35","21","35","0","14",
"1600000US2527060","Greenfield city, Massachusetts","2942","278","462","183","143","128","44","59","26","41","73","104","319","140","299","143","20","22","593","201","240","165","219","163","21","20","0","21","353","159","343","159","10","24","1887","278","1234","241","1081","228","44","64","109","71","653","167","653","167","0","21",
"1600000US2527130","Green Harbor CDP, Massachusetts","176","224","0","14","0","14","0","14","0","14","0","14","0","14","0","14","0","14","0","14","0","14","0","14","0","14","0","14","0","14","0","14","0","14","176","224","176","224","176","224","0","14","0","14","0","14","0","14","0","14",
"1600000US2527445","Groton CDP, Massachusetts","238","132","0","14","0","14","0","14","0","14","0","14","0","14","0","14","0","14","0","14","0","14","0","14","0","14","0","14","0","14","0","14","0","14","238","132","238","132","124","82","36","42","78","109","0","14","0","14","0","14",
"1600000US2528425","Hanscom AFB CDP, Massachusetts","748","400","0","14","0","14","0","14","0","14","0","14","0","14","0","14","0","14","203","161","144","131","37","58","107","98","0","14","59","85","0","14","59","85","545","415","478","417","202","198","0","14","276","384","67","83","67","83","0","14",
"1600000US2528460","Hanson CDP, Massachusetts","455","138","0","14","0","14","0","14","0","14","0","14","0","14","0","14","0","14","12","19","0","14","0","14","0","14","0","14","12","19","12","19","0","14","443","139","284","129","214","117","0","14","70","95","159","102","159","102","0","14",
"1600000US2529055","Harwich Center CDP, Massachusetts","181","114","0","14","0","14","0","14","0","14","0","14","0","14","0","14","0","14","0","14","0","14","0","14","0","14","0","14","0","14","0","14","0","14","181","114","181","114","181","114","0","14","0","14","0","14","0","14","0","14",
"1600000US2529090","Harwich Port CDP, Massachusetts","147","78","0","14","0","14","0","14","0","14","0","14","0","14","0","14","0","14","0","14","0","14","0","14","0","14","0","14","0","14","0","14","0","14","147","78","100","63","76","64","10","15","14","23","47","61","33","50","14","26",
"1600000US2529230","Hatfield CDP, Massachusetts","131","63","0","14","0","14","0","14","0","14","0","14","0","14","0","14","0","14","0","14","0","14","0","14","0","14","0","14","0","14","0","14","0","14","131","63","131","63","119","61","12","18","0","14","0","14","0","14","0","14",
"1600000US2529405","Haverhill city, Massachusetts","13897","822","2079","532","523","249","54","88","331","213","138","127","1556","496","1138","436","418","308","2680","810","1050","470","524","367","526","295","0","32","1630","663","1306","636","324","211","9138","700","6311","703","4190","583","1010","385","1111","385","2827","445","2172","411","655","284",
"1600000US2530175","Hingham CDP, Massachusetts","1309","303","44","71","0","19","0","19","0","19","0","19","44","71","44","71","0","19","0","19","0","19","0","19","0","19","0","19","0","19","0","19","0","19","1265","290","1195","284","1108","277","56","85","31","48","70","59","70","59","0","19",
"1600000US2530420","Holbrook CDP, Massachusetts","2330","450","0","21","0","21","0","21","0","21","0","21","0","21","0","21","0","21","270","281","21","44","0","21","21","44","0","21","249","279","210","273","39","61","2060","460","1669","500","997","386","391","259","281","247","391","213","294","199","97","101",
"1600000US2530630","Holland CDP, Massachusetts","153","66","18","27","18","27","18","27","0","14","0","14","0","14","0","14","0","14","36","32","12","18","12","18","0","14","0","14","24","27","24","27","0","14","99","51","84","50","77","51","0","14","7","11","15","15","15","15","0","14",
"1600000US2530840","Holyoke city, Massachusetts","7716","632","3073","643","158","133","158","133","0","29","0","29","2915","636","2745","622","170","150","1959","514","548","239","414","224","30","65","104","97","1411","492","1411","492","0","29","2684","485","1491","391","1065","313","234","254","192","164","1193","392","1139","387","54","65",
"1600000US2530980","Hopedale CDP, Massachusetts","997","394","0","14","0","14","0","14","0","14","0","14","0","14","0","14","0","14","0","14","0","14","0","14","0","14","0","14","0","14","0","14","0","14","997","394","826","415","784","419","28","47","14","23","171","138","171","138","0","14",
"1600000US2531050","Hopkinton CDP, Massachusetts","896","373","14","23","14","23","14","23","0","14","0","14","0","14","0","14","0","14","101","149","0","14","0","14","0","14","0","14","101","149","101","149","0","14","781","388","697","401","603","404","64","51","30","36","84","60","56","51","28","44",
"1600000US2531295","Housatonic CDP, Massachusetts","203","116","9","14","0","14","0","14","0","14","0","14","9","14","9","14","0","14","0","14","0","14","0","14","0","14","0","14","0","14","0","14","0","14","194","115","160","108","99","105","0","14","61","51","34","54","34","54","0","14",
"1600000US2531575","Hudson CDP, Massachusetts","2722","375","114","89","18","27","0","21","18","27","0","21","96","84","96","84","0","21","202","125","158","119","42","42","116","116","0","21","44","44","34","41","10","16","2406","406","2076","403","1883","397","128","96","65","59","330","192","312","192","18","29",
"1600000US2531680","Hull CDP, Massachusetts","1088","196","86","60","6","9","6","9","0","21","0","21","80","59","80","59","0","21","86","83","52","76","52","76","0","21","0","21","34","43","34","43","0","21","916","202","775","222","696","216","42","34","37","44","141","90","141","90","0","21",
"1600000US2531750","Huntington CDP, Massachusetts","223","98","128","110","36","52","36","52","0","14","0","14","92","97","92","97","0","14","12","19","12","19","12","19","0","14","0","14","0","14","0","14","0","14","83","47","69","41","58","38","0","14","11","18","14","16","14","16","0","14",
"1600000US2532275","Ipswich CDP, Massachusetts","991","321","29","33","20","30","20","30","0","14","0","14","9","15","0","14","9","15","39","40","20","33","0","14","0","14","20","33","19","21","19","21","0","14","923","326","824","333","788","335","24","29","12","18","99","68","99","68","0","14",
"1600000US2533185","Kingston CDP, Massachusetts","926","341","43","69","0","19","0","19","0","19","0","19","43","69","43","69","0","19","0","19","0","19","0","19","0","19","0","19","0","19","0","19","0","19","883","332","649","314","585","314","0","19","64","60","234","211","234","211","0","19",
"1600000US2534550","Lawrence city, Massachusetts","22040","874","5471","1053","781","432","270","307","424","278","87","76","4690","988","1919","898","2771","867","7796","1165","2789","888","422","239","1828","711","539","379","5007","869","1654","581","3353","833","8773","1015","4198","877","970","426","2362","687","866","469","4575","761","2186","512","2389","621",
"1600000US2534620","Lee CDP, Massachusetts","54","85","0","14","0","14","0","14","0","14","0","14","0","14","0","14","0","14","0","14","0","14","0","14","0","14","0","14","0","14","0","14","0","14","54","85","54","85","54","85","0","14","0","14","0","14","0","14","0","14",
"1600000US2534935","Lenox CDP, Massachusetts","186","159","20","36","0","14","0","14","0","14","0","14","20","36","20","36","0","14","26","42","0","14","0","14","0","14","0","14","26","42","26","42","0","14","140","149","21","41","21","41","0","14","0","14","119","144","93","138","26","44",
"1600000US2535040","Lenox Dale CDP, Massachusetts","0","14","0","14","0","14","0","14","0","14","0","14","0","14","0","14","0","14","0","14","0","14","0","14","0","14","0","14","0","14","0","14","0","14","0","14","0","14","0","14","0","14","0","14","0","14","0","14","0","14",
"1600000US2535075","Leominster city, Massachusetts","8109","793","802","511","572","467","44","83","422","453","106","108","230","131","161","129","69","86","1379","595","381","231","147","128","182","171","52","67","998","575","641","455","357","352","5928","684","4292","610","2798","476","922","390","572","284","1636","528","1333","510","303","157",
"1600000US2535250","Lexington CDP, Massachusetts","8580","388","377","183","49","48","0","29","49","48","0","29","328","177","52","62","276","169","112","118","79","114","0","29","79","114","0","29","33","39","0","29","33","39","8091","417","7260","618","2452","462","3794","471","1014","272","831","386","516","333","315","157",
"1600000US2536020","Littleton Common CDP, Massachusetts","761","209","0","14","0","14","0","14","0","14","0","14","0","14","0","14","0","14","84","137","0","14","0","14","0","14","0","14","84","137","84","137","0","14","677","174","588","178","380","179","124","87","84","90","89","100","89","100","0","14",
"1600000US2536335","Longmeadow CDP, Massachusetts","3851","326","159","124","0","21","0","21","0","21","0","21","159","124","145","122","14","24","287","268","121","130","0","21","121","130","0","21","166","231","166","231","0","21","3405","384","3080","352","2263","280","590","324","227","126","325","192","257","179","68","78",
"1600000US2537000","Lowell city, Massachusetts","24483","1333","4955","1051","1541","531","480","279","886","467","175","159","3414","898","2301","803","1113","396","5961","1042","2080","504","381","220","1464","459","235","185","3881","894","2439","661","1442","665","13567","1260","8496","1124","3878","828","3356","669","1262","401","5071","829","3574","719","1497","439",
"1600000US2537385","Lunenburg CDP, Massachusetts","533","196","0","14","0","14","0","14","0","14","0","14","0","14","0","14","0","14","20","34","0","14","0","14","0","14","0","14","20","34","20","34","0","14","513","197","285","161","270","162","11","20","4","9","228","164","220","163","8","12",
"1600000US2537490","Lynn city, Massachusetts","22689","1043","4020","1039","946","357","234","289","582","248","130","195","3074","912","1639","757","1435","580","6036","1105","2590","732","298","193","1869","649","423","305","3446","964","1950","782","1496","629","12633","998","7447","925","2476","539","3911","758","1060","357","5186","828","2630","588","2556","590",
"1600000US2537595","Lynnfield CDP, Massachusetts","3632","378","223","191","223","191","64","96","79","108","80","129","0","21","0","21","0","21","175","194","51","80","51","80","0","21","0","21","124","175","124","175","0","21","3234","472","2929","518","2136","408","252","177","541","465","305","156","198","119","107","142",
"1600000US2537735","Madaket CDP, Massachusetts","44","24","0","14","0","14","0","14","0","14","0","14","0","14","0","14","0","14","0","14","0","14","0","14","0","14","0","14","0","14","0","14","0","14","44","24","40","24","24","7","0","14","16","21","4","6","4","6","0","14",
"1600000US2537875","Malden city, Massachusetts","11688","870","1457","594","857","469","26","34","831","466","0","32","600","312","262","176","338","230","2934","708","1730","494","132","120","1072","421","526","243","1204","631","467","376","737","453","7297","747","6025","795","1865","497","3103","565","1057","370","1272","379","458","193","814","278",
"1600000US2538230","Mansfield Center CDP, Massachusetts","1481","344","41","56","29","46","0","19","29","46","0","19","12","29","12","29","0","19","411","255","137","199","0","19","137","199","0","19","274","289","0","19","274","289","1029","399","901","395","812","393","48","59","41","52","128","88","128","88","0","19",
"1600000US2538435","Marblehead CDP, Massachusetts","4530","405","137","102","46","60","46","60","0","25","0","25","91","83","91","83","0","25","182","153","83","99","83","99","0","25","0","25","99","110","25","36","74","106","4211","404","3892","431","3257","433","150","118","485","226","319","128","273","124","46","40",
"1600000US2538575","Marion Center CDP, Massachusetts","213","153","0","14","0","14","0","14","0","14","0","14","0","14","0","14","0","14","0","14","0","14","0","14","0","14","0","14","0","14","0","14","0","14","213","153","158","135","158","135","0","14","0","14","55","68","55","68","0","14",
"1600000US2538715","Marlborough city, Massachusetts","7955","553","799","281","225","134","43","49","182","118","0","29","574","267","364","204","210","165","1587","486","881","374","146","167","715","313","20","42","706","359","240","212","466","307","5569","724","4364","650","2322","575","1466","536","576","318","1205","412","595","298","610","259",
"1600000US2538820","Marshfield CDP, Massachusetts","1359","601","394","535","394","535","394","535","0","19","0","19","0","19","0","19","0","19","24","39","24","39","24","39","0","19","0","19","0","19","0","19","0","19","941","302","599","233","599","233","0","19","0","19","342","239","254","207","88","111",
"1600000US2538960","Marshfield Hills CDP, Massachusetts","300","159","0","14","0","14","0","14","0","14","0","14","0","14","0","14","0","14","0","14","0","14","0","14","0","14","0","14","0","14","0","14","0","14","300","159","236","149","211","154","0","14","25","39","64","69","64","69","0","14",
"1600000US2539152","Mashpee Neck CDP, Massachusetts","130","98","0","14","0","14","0","14","0","14","0","14","0","14","0","14","0","14","0","14","0","14","0","14","0","14","0","14","0","14","0","14","0","14","130","98","96","86","96","86","0","14","0","14","34","32","34","32","0","14",
"1600000US2539485","Mattapoisett Center CDP, Massachusetts","490","267","0","14","0","14","0","14","0","14","0","14","0","14","0","14","0","14","48","71","48","71","48","71","0","14","0","14","0","14","0","14","0","14","442","268","274","133","213","129","47","71","14","23","168","249","168","249","0","14",
"1600000US2539660","Maynard CDP, Massachusetts","1806","407","199","171","0","21","0","21","0","21","0","21","199","171","145","147","54","68","59","76","0","21","0","21","0","21","0","21","59","76","59","76","0","21","1548","422","1417","423","1089","443","95","83","233","227","131","87","131","87","0","21",
"1600000US2539730","Medfield CDP, Massachusetts","1514","365","0","19","0","19","0","19","0","19","0","19","0","19","0","19","0","19","137","174","103","166","103","166","0","19","0","19","34","55","34","55","0","19","1377","331","1244","332","994","280","125","132","125","105","133","98","133","98","0","19",
"1600000US2539835","Medford city, Massachusetts","7214","757","550","521","79","68","35","48","44","51","0","32","471","531","431","535","40","62","722","275","362","183","106","92","220","159","36","35","360","193","190","177","170","135","5942","570","4955","503","2730","330","1078","312","1147","339","987","331","728","240","259","233",
"1600000US2540115","Melrose city, Massachusetts","5929","453","115","88","22","43","0","25","22","43","0","25","93","81","47","42","46","68","236","175","169","145","0","25","169","145","0","25","67","86","18","27","49","80","5578","451","5045","481","3250","395","997","382","798","273","533","214","458","199","75","87",
"1600000US2540675","Methuen city, Massachusetts","11004","651","764","338","292","184","21","36","235","166","36","63","472","288","347","235","125","157","1598","524","726","383","66","69","585","352","75","113","872","464","491","261","381","395","8642","664","5813","601","3581","522","1538","488","694","277","2829","575","2210","532","619","200",
"1600000US2540885","Middleborough Center CDP, Massachusetts","1619","258","127","92","0","19","0","19","0","19","0","19","127","92","127","92","0","19","310","176","73","67","38","51","26","37","9","16","237","171","170","157","67","106","1182","265","665","234","522","144","129","174","14","22","517","155","517","155","0","19",
"1600000US2541200","Milford CDP, Massachusetts","5584","540","730","515","389","419","0","25","368","406","21","44","341","300","136","127","205","244","1560","451","730","301","161","157","511","277","58","69","830","323","141","89","689","300","3294","442","2763","449","1286","297","1188","434","289","178","531","185","386","166","145","112",
"1600000US2541410","Millers Falls CDP, Massachusetts","192","116","48","71","0","14","0","14","0","14","0","14","48","71","48","71","0","14","6","6","0","14","0","14","0","14","0","14","6","6","6","6","0","14","138","92","135","92","124","89","0","14","11","12","3","4","3","4","0","14",
"1600000US2541532","Millis-Clicquot CDP, Massachusetts","799","179","108","111","51","74","0","14","51","74","0","14","57","84","57","84","0","14","28","47","0","14","0","14","0","14","0","14","28","47","0","14","28","47","663","152","610","130","475","151","47","47","88","94","53","58","53","58","0","14",
"1600000US2541725","Milton CDP, Massachusetts","7051","435","148","146","0","25","0","25","0","25","0","25","148","146","21","24","127","145","185","161","44","51","28","45","0","25","16","27","141","152","141","152","0","25","6718","440","5645","433","4528","467","340","201","777","243","1073","380","893","368","180","109",
"1600000US2541960","Monomoscoy Island CDP, Massachusetts","34","36","0","14","0","14","0","14","0","14","0","14","0","14","0","14","0","14","0","14","0","14","0","14","0","14","0","14","0","14","0","14","0","14","34","36","34","36","34","36","0","14","0","14","0","14","0","14","0","14",
"1600000US2542180","Monson Center CDP, Massachusetts","300","160","55","79","0","14","0","14","0","14","0","14","55","79","55","79","0","14","13","23","0","14","0","14","0","14","0","14","13","23","13","23","0","14","232","147","223","146","223","146","0","14","0","14","9","15","9","15","0","14",
"1600000US2542670","Monument Beach CDP, Massachusetts","576","260","0","14","0","14","0","14","0","14","0","14","0","14","0","14","0","14","0","14","0","14","0","14","0","14","0","14","0","14","0","14","0","14","576","260","535","263","535","263","0","14","0","14","41","62","41","62","0","14",
"1600000US2543615","Nahant CDP, Massachusetts","354","73","24","39","24","39","24","39","0","14","0","14","0","14","0","14","0","14","15","23","8","14","8","14","0","14","0","14","7","16","7","16","0","14","315","66","218","93","114","61","16","24","88","80","97","77","97","77","0","14",
"1600000US2543755","Nantucket CDP, Massachusetts","1778","420","0","21","0","21","0","21","0","21","0","21","0","21","0","21","0","21","101","75","70","62","57","59","0","21","13","23","31","46","29","45","2","4","1677","424","1369","381","1170","392","139","77","60","67","308","191","154","128","154","149",
"1600000US2544140","Needham CDP, Massachusetts","8809","518","166","101","91","68","50","55","41","60","0","29","75","77","55","71","20","31","402","401","125","93","101","81","24","42","0","29","277","378","238","379","39","44","8241","448","7700","484","5484","610","1155","355","1061","295","541","183","464","172","77","91",
"1600000US2545000","New Bedford city, Massachusetts","22981","1094","5816","944","1219","458","380","200","598","307","241","274","4597","911","3426","805","1171","474","6917","915","2477","633","1207","488","978","324","292","221","4440","859","3463","679","977","498","10248","904","5464","686","3381","585","1254","413","829","316","4784","729","3797","653","987","433",
"1600000US2545245","Newburyport city, Massachusetts","3615","530","94","82","85","81","43","51","0","21","42","56","9","16","9","16","0","21","0","21","0","21","0","21","0","21","0","21","0","21","0","21","0","21","3521","535","3115","523","2558","614","10","18","547","280","406","212","396","212","10","16",
"1600000US2545500","New Seabury CDP, Massachusetts","30","47","0","14","0","14","0","14","0","14","0","14","0","14","0","14","0","14","0","14","0","14","0","14","0","14","0","14","0","14","0","14","0","14","30","47","30","47","30","47","0","14","0","14","0","14","0","14","0","14",
"1600000US2545560","Newton city, Massachusetts","17913","627","274","165","95","98","0","32","95","98","0","32","179","128","59","63","120","104","494","183","178","139","78","68","100","118","0","32","316","138","208","108","108","95","17145","635","15630","646","7371","641","5087","647","3172","480","1515","344","992","261","523","212",
"1600000US2546225","North Adams city, Massachusetts","1880","242","335","226","26","42","26","42","0","21","0","21","309","231","309","231","0","21","483","192","129","122","96","106","33","54","0","21","354","166","186","110","168","117","1062","349","981","350","914","345","0","21","67","58","81","63","81","63","0","21",
"1600000US2546330","Northampton city, Massachusetts","4655","462","738","315","206","199","206","199","0","29","0","29","532","271","518","273","14","41","322","208","170","177","28","47","0","29","142","165","152","105","133","99","19","32","3595","388","2549","380","2216","378","92","76","241","131","1046","324","973","315","73","86",
"1600000US2546598","North Attleborough Town city, Massachusetts","6259","489","203","111","90","71","70","66","20","31","0","29","113","86","113","86","0","29","291","135","123","99","69","78","36","54","18","29","168","103","134","91","34","55","5765","498","4691","515","3850","569","508","221","333","184","1074","359","885","271","189","160",
"1600000US2546785","Northborough CDP, Massachusetts","1262","326","0","19","0","19","0","19","0","19","0","19","0","19","0","19","0","19","49","77","0","19","0","19","0","19","0","19","49","77","49","77","0","19","1213","331","1147","334","939","336","153","100","55","44","66","50","66","50","0","19",
"1600000US2547100","North Brookfield CDP, Massachusetts","551","234","248","278","25","40","0","14","0","14","25","40","223","274","223","274","0","14","0","14","0","14","0","14","0","14","0","14","0","14","0","14","0","14","303","153","230","146","230","146","0","14","0","14","73","67","73","67","0","14",
"1600000US2547590","North Eastham CDP, Massachusetts","197","123","0","14","0","14","0","14","0","14","0","14","0","14","0","14","0","14","65","103","0","14","0","14","0","14","0","14","65","103","65","103","0","14","132","76","98","70","76","61","0","14","22","35","34","34","28","33","6","9",
"1600000US2547730","North Falmouth CDP, Massachusetts","678","392","0","14","0","14","0","14","0","14","0","14","0","14","0","14","0","14","141","150","130","148","130","148","0","14","0","14","11","18","0","14","11","18","537","382","522","383","507","388","15","35","0","14","15","22","0","14","15","22",
"1600000US2547800","Northfield CDP, Massachusetts","141","62","20","31","0","14","0","14","0","14","0","14","20","31","20","31","0","14","6","10","0","14","0","14","0","14","0","14","6","10","6","10","0","14","115","58","87","56","87","56","0","14","0","14","28","30","28","30","0","14",
"1600000US2548220","North Lakeville CDP, Massachusetts","797","261","0","14","0","14","0","14","0","14","0","14","0","14","0","14","0","14","102","91","0","14","0","14","0","14","0","14","102","91","102","91","0","14","695","263","535","219","535","219","0","14","0","14","160","161","160","161","0","14",
"1600000US2548710","North Pembroke CDP, Massachusetts","526","326","17","31","0","14","0","14","0","14","0","14","17","31","17","31","0","14","0","14","0","14","0","14","0","14","0","14","0","14","0","14","0","14","509","326","472","325","399","323","49","69","24","44","37","63","37","63","0","14",
"1600000US2548780","North Plymouth CDP, Massachusetts","522","199","0","14","0","14","0","14","0","14","0","14","0","14","0","14","0","14","0","14","0","14","0","14","0","14","0","14","0","14","0","14","0","14","522","199","484","199","282","121","147","172","55","71","38","45","38","45","0","14",
"1600000US2549165","North Scituate CDP, Massachusetts","1636","257","0","19","0","19","0","19","0","19","0","19","0","19","0","19","0","19","93","110","29","40","29","40","0","19","0","19","64","104","64","104","0","19","1543","235","1378","254","1307","258","0","19","71","77","165","87","87","55","78","86",
"1600000US2549200","North Seekonk CDP, Massachusetts","603","175","15","26","0","14","0","14","0","14","0","14","15","26","15","26","0","14","135","104","15","26","15","26","0","14","0","14","120","102","120","102","0","14","453","182","313","159","175","125","0","14","138","130","140","107","127","104","13","22",
"1600000US2549700","Northwest Harwich CDP, Massachusetts","498","186","0","14","0","14","0","14","0","14","0","14","0","14","0","14","0","14","18","34","0","14","0","14","0","14","0","14","18","34","18","34","0","14","480","181","324","188","324","188","0","14","0","14","156","82","156","82","0","14",
"1600000US2549710","North Westport CDP, Massachusetts","1019","263","69","119","0","19","0","19","0","19","0","19","69","119","69","119","0","19","53","65","0","19","0","19","0","19","0","19","53","65","53","65","0","19","897","260","757","279","501","258","242","231","14","27","140","96","117","81","23","38",
"1600000US2550005","Norton Center CDP, Massachusetts","209","88","0","14","0","14","0","14","0","14","0","14","0","14","0","14","0","14","42","77","0","14","0","14","0","14","0","14","42","77","42","77","0","14","167","102","167","102","156","102","0","14","11","15","0","14","0","14","0","14",
"1600000US2550285","Norwood CDP, Massachusetts","6129","505","782","389","65","60","13","21","52","58","0","29","717","390","439","290","278","232","696","389","321","248","127","111","194","203","0","29","375","229","200","157","175","165","4651","557","4019","543","2861","525","789","179","369","166","632","236","562","222","70","66",
"1600000US2550425","Oak Bluffs CDP, Massachusetts","104","144","0","14","0","14","0","14","0","14","0","14","0","14","0","14","0","14","0","14","0","14","0","14","0","14","0","14","0","14","0","14","0","14","104","144","104","144","104","144","0","14","0","14","0","14","0","14","0","14",
"1600000US2550862","Ocean Bluff-Brant Rock CDP, Massachusetts","401","123","24","37","0","14","0","14","0","14","0","14","24","37","24","37","0","14","10","18","0","14","0","14","0","14","0","14","10","18","10","18","0","14","367","130","273","124","219","119","8","14","46","62","94","62","94","62","0","14",
"1600000US2550880","Ocean Grove CDP, Massachusetts","635","206","0","14","0","14","0","14","0","14","0","14","0","14","0","14","0","14","0","14","0","14","0","14","0","14","0","14","0","14","0","14","0","14","635","206","330","149","330","149","0","14","0","14","305","262","305","262","0","14",
"1600000US2551160","Onset CDP, Massachusetts","331","294","0","14","0","14","0","14","0","14","0","14","0","14","0","14","0","14","190","248","190","248","0","14","0","14","190","248","0","14","0","14","0","14","141","184","0","14","0","14","0","14","0","14","141","184","141","184","0","14",
"1600000US2551230","Orange CDP, Massachusetts","812","162","259","202","249","203","249","203","0","14","0","14","10","18","10","18","0","14","200","129","193","128","164","125","29","37","0","14","7","12","7","12","0","14","353","168","257","150","257","150","0","14","0","14","96","66","96","66","0","14",
"1600000US2551405","Orleans CDP, Massachusetts","115","82","0","14","0","14","0","14","0","14","0","14","0","14","0","14","0","14","0","14","0","14","0","14","0","14","0","14","0","14","0","14","0","14","115","82","37","40","37","40","0","14","0","14","78","70","78","70","0","14",
"1600000US2551790","Oxford CDP, Massachusetts","1124","243","272","232","191","204","62","96","129","183","0","19","81","124","81","124","0","19","111","140","98","138","98","138","0","19","0","19","13","21","13","21","0","19","741","248","598","267","515","254","0","19","83","96","143","176","143","176","0","19",
"1600000US2552144","Palmer Town city, Massachusetts","1775","289","81","89","45","82","45","82","0","21","0","21","36","47","36","47","0","21","188","241","161","243","161","243","0","21","0","21","27","43","27","43","0","21","1506","347","732","261","719","262","0","21","13","19","774","317","764","318","10","20",
"1600000US2552490","Peabody city, Massachusetts","9498","680","607","301","240","210","46","56","139","182","55","88","367","214","367","214","0","32","829","392","585","362","293","286","177","145","115","176","244","133","207","119","37","55","8062","695","6206","802","4138","675","1200","458","868","448","1856","519","1539","509","317","238",
"1600000US2552770","Pepperell CDP, Massachusetts","293","131","20","28","0","14","0","14","0","14","0","14","20","28","20","28","0","14","16","25","16","25","0","14","16","25","0","14","0","14","0","14","0","14","257","117","126","83","114","81","0","14","12","23","131","92","131","92","0","14",
"1600000US2553085","Petersham CDP, Massachusetts","12","13","0","14","0","14","0","14","0","14","0","14","0","14","0","14","0","14","0","14","0","14","0","14","0","14","0","14","0","14","0","14","0","14","12","13","8","10","8","10","0","14","0","14","4","7","4","7","0","14",
"1600000US2553680","Pinehurst CDP, Massachusetts","1331","266","67","61","36","43","36","43","0","19","0","19","31","49","31","49","0","19","143","122","130","120","117","119","13","24","0","19","13","20","13","20","0","19","1121","272","1041","266","752","264","229","79","60","58","80","50","68","47","12","19",
"1600000US2553960","Pittsfield city, Massachusetts","7195","466","1731","514","307","251","207","221","72","111","28","76","1424","531","1411","531","13","21","1363","358","422","201","192","128","109","137","121","113","941","306","648","295","293","280","4101","488","2691","440","2421","461","144","164","126","93","1410","400","1286","375","124","125",
"1600000US2554275","Plymouth CDP, Massachusetts","1001","244","91","94","0","19","0","19","0","19","0","19","91","94","91","94","0","19","138","163","13","20","13","20","0","19","0","19","125","160","18","34","107","158","772","245","525","229","328","214","46","74","151","145","247","126","247","126","0","19",
"1600000US2554450","Pocasset CDP, Massachusetts","167","109","0","14","0","14","0","14","0","14","0","14","0","14","0","14","0","14","0","14","0","14","0","14","0","14","0","14","0","14","0","14","0","14","167","109","89","94","89","94","0","14","0","14","78","73","78","73","0","14",
"1600000US2555070","Popponesset CDP, Massachusetts","33","28","0","14","0","14","0","14","0","14","0","14","0","14","0","14","0","14","0","14","0","14","0","14","0","14","0","14","0","14","0","14","0","14","33","28","9","16","0","14","0","14","9","16","24","24","24","24","0","14",
"1600000US2555090","Popponesset Island CDP, Massachusetts","0","14","0","14","0","14","0","14","0","14","0","14","0","14","0","14","0","14","0","14","0","14","0","14","0","14","0","14","0","14","0","14","0","14","0","14","0","14","0","14","0","14","0","14","0","14","0","14","0","14",
"1600000US2555535","Provincetown CDP, Massachusetts","107","37","13","23","0","14","0","14","0","14","0","14","13","23","0","14","13","23","0","14","0","14","0","14","0","14","0","14","0","14","0","14","0","14","94","28","94","28","94","28","0","14","0","14","0","14","0","14","0","14",
"1600000US2555745","Quincy city, Massachusetts","14409","897","1853","493","684","303","232","193","452","222","0","32","1169","404","595","219","574","345","1779","429","1110","371","221","236","771","277","118","70","669","288","409","251","260","167","10777","958","9005","962","4104","709","3816","722","1085","334","1772","402","1192","313","580","217",
"1600000US2556000","Randolph Town city, Massachusetts","5702","697","303","230","7","14","7","14","0","29","0","29","296","224","197","178","99","106","832","455","97","78","0","29","58","49","39","58","735","454","534","431","201","183","4567","697","2523","725","1161","562","954","359","408","219","2044","508","1077","400","967","330",
"1600000US2556095","Raynham Center CDP, Massachusetts","1151","291","102","139","102","139","0","14","102","139","0","14","0","14","0","14","0","14","114","108","0","14","0","14","0","14","0","14","114","108","51","70","63","93","935","309","704","297","658","295","0","14","46","52","231","143","231","143","0","14",
"1600000US2556165","Reading CDP, Massachusetts","5765","412","42","47","0","25","0","25","0","25","0","25","42","47","42","47","0","25","169","130","52","57","0","25","18","32","34","45","117","120","117","120","0","25","5554","422","5162","455","4300","537","515","316","347","163","392","180","368","177","24","27",
"1600000US2556585","Revere city, Massachusetts","11059","907","1581","588","495","272","0","32","347","210","148","141","1086","541","272","210","814","519","2962","859","1665","554","146","141","1170","515","349","218","1297","565","561","389","736","373","6516","973","4498","899","855","304","2753","642","890","406","2018","528","814","302","1204","415",
"1600000US2557845","Rockport CDP, Massachusetts","444","235","0","14","0","14","0","14","0","14","0","14","0","14","0","14","0","14","99","124","43","77","43","77","0","14","0","14","56","92","56","92","0","14","345","215","293","202","293","202","0","14","0","14","52","62","52","62","0","14",
"1600000US2558370","Rowley CDP, Massachusetts","312","215","15","25","0","14","0","14","0","14","0","14","15","25","15","25","0","14","0","14","0","14","0","14","0","14","0","14","0","14","0","14","0","14","297","213","151","100","151","100","0","14","0","14","146","189","146","189","0","14",
"1600000US2558615","Russell CDP, Massachusetts","22","23","0","14","0","14","0","14","0","14","0","14","0","14","0","14","0","14","0","14","0","14","0","14","0","14","0","14","0","14","0","14","0","14","22","23","22","23","22","23","0","14","0","14","0","14","0","14","0","14",
"1600000US2558790","Rutland CDP, Massachusetts","378","134","0","14","0","14","0","14","0","14","0","14","0","14","0","14","0","14","47","59","0","14","0","14","0","14","0","14","47","59","47","59","0","14","331","129","204","122","204","122","0","14","0","14","127","127","127","127","0","14",
"1600000US2558965","Sagamore CDP, Massachusetts","787","241","0","14","0","14","0","14","0","14","0","14","0","14","0","14","0","14","387","235","275","168","214","148","61","76","0","14","112","170","112","170","0","14","400","208","239","132","239","132","0","14","0","14","161","158","161","158","0","14",
"1600000US2559105","Salem city, Massachusetts","6964","660","1230","413","221","172","36","41","185","170","0","29","1009","396","724","351","285","224","1179","441","360","237","35","48","226","212","99","92","819","367","444","236","375","300","4555","720","3728","665","2051","411","1050","384","627","331","827","307","674","270","153","89",
"1600000US2559210","Salisbury CDP, Massachusetts","689","209","0","19","0","19","0","19","0","19","0","19","0","19","0","19","0","19","38","66","0","19","0","19","0","19","0","19","38","66","38","66","0","19","651","197","482","227","380","214","12","17","90","89","169","94","159","91","10","16",
"1600000US2559700","Sandwich CDP, Massachusetts","459","132","30","40","0","14","0","14","0","14","0","14","30","40","30","40","0","14","0","14","0","14","0","14","0","14","0","14","0","14","0","14","0","14","429","119","170","80","162","79","0","14","8","12","259","117","233","120","26","41",
"1600000US2560050","Saugus CDP, Massachusetts","4149","580","233","125","168","124","36","35","132","120","0","25","65","69","26","32","39","63","619","379","410","332","148","175","262","281","0","25","209","143","192","146","17","28","3297","633","2751","618","1044","275","893","343","814","498","546","198","365","154","181","123",
"1600000US2560295","Scituate CDP, Massachusetts","1265","306","0","19","0","19","0","19","0","19","0","19","0","19","0","19","0","19","27","37","11","22","11","22","0","19","0","19","16","27","16","27","0","19","1238","311","1165","307","1023","334","122","125","20","35","73","98","73","98","0","19",
"1600000US2560505","Seabrook CDP, Massachusetts","39","40","0","14","0","14","0","14","0","14","0","14","0","14","0","14","0","14","0","14","0","14","0","14","0","14","0","14","0","14","0","14","0","14","39","40","39","40","39","40","0","14","0","14","0","14","0","14","0","14",
"1600000US2560627","Seconsett Island CDP, Massachusetts","54","41","0","14","0","14","0","14","0","14","0","14","0","14","0","14","0","14","0","14","0","14","0","14","0","14","0","14","0","14","0","14","0","14","54","41","20","32","20","32","0","14","0","14","34","31","34","31","0","14",
"1600000US2560820","Sharon CDP, Massachusetts","1702","268","30","38","0","19","0","19","0","19","0","19","30","38","23","36","7","12","32","38","18","27","0","19","18","27","0","19","14","27","0","19","14","27","1640","284","1383","257","818","226","336","127","229","146","257","152","257","152","0","19",
"1600000US2561205","Shelburne Falls CDP, Massachusetts","279","87","60","37","32","33","10","14","0","14","22","30","28","20","28","20","0","14","22","27","4","6","4","6","0","14","0","14","18","27","18","27","0","14","197","73","171","67","156","62","15","24","0","14","26","29","26","29","0","14",
"1600000US2561555","Shirley CDP, Massachusetts","211","183","0","14","0","14","0","14","0","14","0","14","0","14","0","14","0","14","0","14","0","14","0","14","0","14","0","14","0","14","0","14","0","14","211","183","211","183","163","161","0","14","48","81","0","14","0","14","0","14",
"1600000US2561940","Siasconset CDP, Massachusetts","0","14","0","14","0","14","0","14","0","14","0","14","0","14","0","14","0","14","0","14","0","14","0","14","0","14","0","14","0","14","0","14","0","14","0","14","0","14","0","14","0","14","0","14","0","14","0","14","0","14",
"1600000US2562300","Smith Mills CDP, Massachusetts","820","252","37","42","23","36","23","36","0","14","0","14","14","22","14","22","0","14","233","188","97","106","97","106","0","14","0","14","136","159","136","159","0","14","550","221","508","221","414","271","50","84","44","67","42","39","42","39","0","14",
"1600000US2562465","Somerset CDP, Massachusetts","3206","299","118","78","64","50","27","40","0","21","37","57","54","58","54","58","0","21","126","110","88","101","88","101","0","21","0","21","38","42","38","42","0","21","2962","320","2375","314","2004","302","114","118","257","181","587","190","587","190","0","21",
"1600000US2562535","Somerville city, Massachusetts","7666","687","517","265","156","139","32","39","124","131","0","32","361","239","167","121","194","197","1105","414","797","418","273","318","499","281","25","38","308","146","142","107","166","113","6044","547","5094","549","2858","433","1041","307","1195","326","950","283","683","235","267","137",
"1600000US2562780","South Ashburnham CDP, Massachusetts","317","164","47","96","47","96","47","96","0","14","0","14","0","14","0","14","0","14","45","69","0","14","0","14","0","14","0","14","45","69","0","14","45","69","225","139","205","130","172","130","0","14","33","51","20","33","20","33","0","14",
"1600000US2563345","Southbridge Town city, Massachusetts","3573","462","747","331","0","21","0","21","0","21","0","21","747","331","747","331","0","21","891","402","165","105","151","104","0","21","14","18","726","379","702","378","24","27","1935","449","1256","389","1099","392","137","145","20","33","679","328","679","328","0","21",
"1600000US2563620","South Deerfield CDP, Massachusetts","134","101","0","14","0","14","0","14","0","14","0","14","0","14","0","14","0","14","0","14","0","14","0","14","0","14","0","14","0","14","0","14","0","14","134","101","12","25","12","25","0","14","0","14","122","95","122","95","0","14",
"1600000US2563655","South Dennis CDP, Massachusetts","299","111","0","14","0","14","0","14","0","14","0","14","0","14","0","14","0","14","25","36","25","36","25","36","0","14","0","14","0","14","0","14","0","14","274","117","216","115","216","115","0","14","0","14","58","44","55","44","3","6",
"1600000US2563690","South Duxbury CDP, Massachusetts","697","165","22","24","9","14","9","14","0","14","0","14","13","21","13","21","0","14","0","14","0","14","0","14","0","14","0","14","0","14","0","14","0","14","675","166","597","140","562","141","18","30","17","27","78","105","78","105","0","14",
"1600000US2564460","South Lancaster CDP, Massachusetts","664","347","0","14","0","14","0","14","0","14","0","14","0","14","0","14","0","14","78","124","78","124","0","14","78","124","0","14","0","14","0","14","0","14","586","335","418","280","356","278","0","14","62","81","168","205","168","205","0","14",
"1600000US2566035","South Yarmouth CDP, Massachusetts","1469","267","234","150","85","117","0","21","85","117","0","21","149","108","149","108","0","21","88","108","0","21","0","21","0","21","0","21","88","108","88","108","0","21","1147","261","797","259","147","182","575","248","75","84","350","203","338","203","12","22",
"1600000US2566070","Spencer CDP, Massachusetts","635","342","0","19","0","19","0","19","0","19","0","19","0","19","0","19","0","19","252","255","0","19","0","19","0","19","0","19","252","255","222","253","30","47","383","272","215","239","215","239","0","19","0","19","168","191","168","191","0","19",
"1600000US2567000","Springfield city, Massachusetts","35566","1019","12778","1384","2576","980","1448","532","1099","878","29","42","10202","1284","9394","1188","808","483","7277","978","2245","704","1220","498","786","409","239","183","5032","870","4201","858","831","407","15511","1367","7000","984","4980","936","1537","434","483","305","8511","1063","7274","1013","1237","522",
"1600000US2567700","Stoneham CDP, Massachusetts","4666","521","171","142","90","122","0","25","90","122","0","25","81","73","81","73","0","25","204","129","60","57","17","27","21","36","22","36","144","117","110","111","34","41","4291","553","3704","575","2716","627","562","293","426","214","587","302","562","286","25","35",
"1600000US2568120","Sturbridge CDP, Massachusetts","456","97","18","38","0","14","0","14","0","14","0","14","18","38","18","38","0","14","37","56","37","56","37","56","0","14","0","14","0","14","0","14","0","14","401","113","349","100","349","100","0","14","0","14","52","59","52","59","0","14",
"1600000US2568680","Swampscott CDP, Massachusetts","2998","329","162","196","126","193","0","21","126","193","0","21","36","33","16","26","20","34","146","117","113","116","23","22","90","112","0","21","33","50","7","12","26","49","2690","318","2455","315","1583","239","350","219","522","220","235","127","142","82","93","92",
"1600000US2569170","Taunton city, Massachusetts","12405","768","2567","634","228","177","41","51","134","160","53","58","2339","638","2040","642","299","214","2070","502","641","344","290","249","210","165","141","152","1429","376","1235","355","194","98","7768","684","5171","667","3539","631","1006","362","626","308","2597","553","2241","523","356","226",
"1600000US2569205","Teaticket CDP, Massachusetts","218","123","0","14","0","14","0","14","0","14","0","14","0","14","0","14","0","14","71","63","30","28","13","25","17","27","0","14","41","58","41","58","0","14","147","106","132","102","29","39","103","99","0","14","15","30","15","30","0","14",
"1600000US2569585","The Pinehills CDP, Massachusetts","269","193","0","19","0","19","0","19","0","19","0","19","0","19","0","19","0","19","0","19","0","19","0","19","0","19","0","19","0","19","0","19","0","19","269","193","241","186","241","186","0","19","0","19","28","45","28","45","0","19",
"1600000US2570115","Topsfield CDP, Massachusetts","520","187","0","14","0","14","0","14","0","14","0","14","0","14","0","14","0","14","0","14","0","14","0","14","0","14","0","14","0","14","0","14","0","14","520","187","431","186","415","184","0","14","16","29","89","96","89","96","0","14",
"1600000US2570325","Townsend CDP, Massachusetts","143","92","11","18","11","18","11","18","0","14","0","14","0","14","0","14","0","14","0","14","0","14","0","14","0","14","0","14","0","14","0","14","0","14","132","90","96","79","96","79","0","14","0","14","36","43","36","43","0","14",
"1600000US2570815","Turners Falls CDP, Massachusetts","772","208","146","131","94","124","0","14","94","124","0","14","52","52","52","52","0","14","218","114","83","93","83","93","0","14","0","14","135","92","135","92","0","14","408","145","331","147","271","127","0","14","60","59","77","52","77","52","0","14",
"1600000US2571445","Upton CDP, Massachusetts","646","228","0","14","0","14","0","14","0","14","0","14","0","14","0","14","0","14","54","75","0","14","0","14","0","14","0","14","54","75","54","75","0","14","592","216","364","218","255","198","16","26","93","101","228","141","175","125","53","78",
"1600000US2571970","Vineyard Haven CDP, Massachusetts","436","166","0","14","0","14","0","14","0","14","0","14","0","14","0","14","0","14","66","96","66","96","66","96","0","14","0","14","0","14","0","14","0","14","370","162","309","140","176","124","102","67","31","58","61","74","61","74","0","14",
"1600000US2572250","Wakefield CDP, Massachusetts","5514","391","155","124","67","108","0","25","67","108","0","25","88","67","66","60","22","32","187","157","28","33","14","17","0","25","14","28","159","156","159","156","0","25","5172","372","4689","389","3967","436","294","147","428","223","483","153","369","136","114","87",
"1600000US2572460","Walpole CDP, Massachusetts","1227","276","92","104","58","82","0","19","58","82","0","19","34","57","34","57","0","19","0","19","0","19","0","19","0","19","0","19","0","19","0","19","0","19","1135","266","994","268","925","276","17","26","52","75","141","98","102","85","39","46",
"1600000US2572600","Waltham city, Massachusetts","8508","661","660","351","378","252","78","125","264","216","36","52","282","241","265","239","17","27","1096","487","525","371","91","116","210","107","224","331","571","326","304","224","267","254","6752","615","5347","504","3424","429","1025","351","898","283","1405","411","707","255","698","312",
"1600000US2572845","Ware CDP, Massachusetts","1345","341","301","199","0","19","0","19","0","19","0","19","301","199","237","175","64","73","398","214","181","123","181","123","0","19","0","19","217","191","217","191","0","19","646","318","350","181","350","181","0","19","0","19","296","274","296","274","0","19",
"1600000US2573020","Wareham Center CDP, Massachusetts","392","255","0","14","0","14","0","14","0","14","0","14","0","14","0","14","0","14","0","14","0","14","0","14","0","14","0","14","0","14","0","14","0","14","392","255","194","210","167","206","0","14","27","43","198","150","198","150","0","14",
"1600000US2573055","Warren CDP, Massachusetts","377","278","0","14","0","14","0","14","0","14","0","14","0","14","0","14","0","14","377","278","137","137","137","137","0","14","0","14","240","297","240","297","0","14","0","14","0","14","0","14","0","14","0","14","0","14","0","14","0","14",
"1600000US2573405","Watertown city, Massachusetts","5011","429","355","191","164","87","35","49","116","91","13","19","191","168","122","154","69","91","267","147","110","104","27","50","83","90","0","29","157","104","110","80","47","72","4389","462","3708","474","1814","301","1236","470","658","263","681","207","499","202","182","102",
"1600000US2573930","Webster CDP, Massachusetts","2583","418","527","298","19","29","19","29","0","21","0","21","508","296","508","296","0","21","727","272","321","234","209","209","103","106","9","29","406","190","367","182","39","48","1329","322","665","173","461","117","144","132","60","76","664","291","509","256","155","120",
"1600000US2574210","Wellesley CDP, Massachusetts","7228","423","154","106","53","44","53","44","0","29","0","29","101","89","60","72","41","41","119","125","107","123","0","29","107","123","0","29","12","20","12","20","0","29","6955","437","6438","433","4337","480","1217","284","884","217","517","265","221","123","296","273",
"1600000US2575050","Westborough CDP, Massachusetts","1028","226","100","114","100","114","0","14","100","114","0","14","0","14","0","14","0","14","257","187","62","94","0","14","62","94","0","14","195","179","195","179","0","14","671","159","573","156","387","155","107","83","79","60","98","83","14","19","84","79",
"1600000US2575365","West Brookfield CDP, Massachusetts","146","98","31","51","0","14","0","14","0","14","0","14","31","51","31","51","0","14","45","56","0","14","0","14","0","14","0","14","45","56","45","56","0","14","70","70","50","61","50","61","0","14","0","14","20","31","20","31","0","14",
"1600000US2575505","West Chatham CDP, Massachusetts","181","129","74","76","0","14","0","14","0","14","0","14","74","76","74","76","0","14","0","14","0","14","0","14","0","14","0","14","0","14","0","14","0","14","107","85","81","81","0","14","69","82","12","21","26","30","26","30","0","14",
"1600000US2575680","West Concord CDP, Massachusetts","1119","279","27","43","0","19","0","19","0","19","0","19","27","43","27","43","0","19","14","40","0","19","0","19","0","19","0","19","14","40","14","40","0","19","1078","278","908","274","686","272","131","83","91","64","170","106","115","86","55","68",
"1600000US2575820","West Dennis CDP, Massachusetts","63","68","0","14","0","14","0","14","0","14","0","14","0","14","0","14","0","14","12","18","0","14","0","14","0","14","0","14","12","18","12","18","0","14","51","67","51","67","0","14","51","67","0","14","0","14","0","14","0","14",
"1600000US2575960","West Falmouth CDP, Massachusetts","81","83","0","14","0","14","0","14","0","14","0","14","0","14","0","14","0","14","0","14","0","14","0","14","0","14","0","14","0","14","0","14","0","14","81","83","69","82","69","82","0","14","0","14","12","20","12","20","0","14",
"1600000US2576030","Westfield city, Massachusetts","7057","695","854","405","291","169","85","91","206","162","0","29","563","392","260","259","303","307","737","270","230","198","182","187","22","36","26","43","507","194","437","187","70","88","5466","659","4329","597","3613","634","357","205","359","256","1137","340","1137","340","0","29",
"1600000US2577890","West Springfield Town city, Massachusetts","5410","476","810","370","282","252","162","212","120","118","0","25","528","280","442","267","86","96","1263","487","914","461","257","204","657","419","0","25","349","241","236","185","113","149","3337","584","2610","573","2005","584","518","230","87","74","727","265","698","262","29","35",
"1600000US2578410","West Wareham CDP, Massachusetts","256","175","74","81","0","14","0","14","0","14","0","14","74","81","74","81","0","14","44","76","0","14","0","14","0","14","0","14","44","76","44","76","0","14","138","122","71","84","64","78","0","14","7","14","67","72","67","72","0","14",
"1600000US2578445","West Warren CDP, Massachusetts","38","56","0","14","0","14","0","14","0","14","0","14","0","14","0","14","0","14","0","14","0","14","0","14","0","14","0","14","0","14","0","14","0","14","38","56","38","56","38","56","0","14","0","14","0","14","0","14","0","14",
"1600000US2578795","West Yarmouth CDP, Massachusetts","826","379","47","48","25","39","0","19","25","39","0","19","22","32","22","32","0","19","20","27","0","19","0","19","0","19","0","19","20","27","20","27","0","19","759","385","560","265","98","98","374","229","88","113","199","247","93","143","106","154",
"1600000US2578850","Weweantic CDP, Massachusetts","143","102","0","14","0","14","0","14","0","14","0","14","0","14","0","14","0","14","110","99","43","73","43","73","0","14","0","14","67","87","67","87","0","14","33","41","33","41","33","41","0","14","0","14","0","14","0","14","0","14",
"1600000US2578972","Weymouth Town city, Massachusetts","9360","712","646","270","165","127","67","104","98","88","0","32","481","242","405","210","76","113","756","511","344","205","216","181","53","58","75","86","412","496","402","493","10","33","7958","533","6766","572","4654","568","1442","435","670","262","1192","327","918","278","274","162",
"1600000US2579390","White Island Shores CDP, Massachusetts","118","187","0","14","0","14","0","14","0","14","0","14","0","14","0","14","0","14","118","187","0","14","0","14","0","14","0","14","118","187","118","187","0","14","0","14","0","14","0","14","0","14","0","14","0","14","0","14","0","14",
"1600000US2579495","Whitinsville CDP, Massachusetts","1477","266","259","206","0","19","0","19","0","19","0","19","259","206","259","206","0","19","198","216","91","138","0","19","91","138","0","19","107","195","107","195","0","19","1020","300","636","234","519","225","105","146","12","25","384","268","384","268","0","19",
"1600000US2579705","Wilbraham CDP, Massachusetts","538","254","69","108","69","108","69","108","0","14","0","14","0","14","0","14","0","14","50","58","23","34","0","14","23","34","0","14","27","46","27","46","0","14","419","229","419","229","390","244","29","49","0","14","0","14","0","14","0","14",
"1600000US2579950","Williamstown CDP, Massachusetts","567","308","31","34","0","19","0","19","0","19","0","19","31","34","31","34","0","19","0","19","0","19","0","19","0","19","0","19","0","19","0","19","0","19","536","308","392","255","288","216","32","61","72","86","144","111","74","75","70","83",
"1600000US2580195","Wilmington CDP, Massachusetts","5282","665","165","114","30","43","30","43","0","25","0","25","135","111","135","111","0","25","823","711","588","675","588","675","0","25","0","25","235","197","235","197","0","25","4294","373","3917","364","3449","371","285","141","183","113","377","154","325","147","52","68",
"1600000US2580370","Winchendon CDP, Massachusetts","988","271","361","219","61","89","11","19","0","14","50","83","300","207","300","207","0","14","120","104","15","24","15","24","0","14","0","14","105","102","105","102","0","14","507","300","351","273","351","273","0","14","0","14","156","120","156","120","0","14",
"1600000US2580545","Winchester CDP, Massachusetts","6382","366","264","191","133","157","32","52","101","149","0","25","131","146","123","145","8","13","343","224","64","75","25","40","39","64","0","25","279","224","279","224","0","25","5775","416","5307","420","3134","444","1322","254","851","295","468","256","380","246","88","74",
"1600000US2581005","Winthrop Town city, Massachusetts","3595","407","192","132","65","62","0","21","32","40","33","48","127","114","127","114","0","21","398","241","64","83","0","21","53","81","11","13","334","231","321","235","13","24","3005","419","2269","346","1415","327","578","271","276","144","736","300","508","204","228","208",
"1600000US2581035","Woburn city, Massachusetts","7411","529","816","357","189","163","51","64","138","150","0","29","627","313","362","222","265","242","623","255","156","131","59","78","73","86","24","49","467","214","293","149","174","159","5972","577","5168","638","3418","521","1226","445","524","247","804","325","676","310","128","91",
"1600000US2581245","Woods Hole CDP, Massachusetts","72","70","17","29","0","14","0","14","0","14","0","14","17","29","17","29","0","14","46","63","0","14","0","14","0","14","0","14","46","63","46","63","0","14","9","14","0","14","0","14","0","14","0","14","9","14","9","14","0","14",
"1600000US2582000","Worcester city, Massachusetts","38300","1304","8723","1300","2169","647","242","207","1396","456","531","427","6554","1219","4505","861","2049","848","8600","1061","3728","663","1278","429","1882","515","568","281","4872","897","3263","741","1609","571","20977","1389","14652","1216","5995","892","5914","939","2743","655","6325","712","4689","725","1636","385",
"1600000US2582595","Yarmouth Port CDP, Massachusetts","700","219","80","97","57","90","57","90","0","19","0","19","23","37","23","37","0","19","18","28","0","19","0","19","0","19","0","19","18","28","18","28","0","19","602","184","420","170","408","167","0","19","12","19","182","111","171","110","11","17",
